{
    "total_runtime": 651.6740548610687,
    "num_documents": 1,
    "input_load_time": 0,
    "workflows": {
        "create_base_text_units": {
            "overall": 2.9088244438171387,
            "0_orderby": 0.014340877532958984,
            "1_zip": 0.006549358367919922,
            "2_aggregate_override": 0.015919208526611328,
            "3_chunk": 2.797811985015869,
            "4_select": 0.006501436233520508,
            "5_unroll": 0.010324478149414062,
            "6_rename": 0.005852937698364258,
            "7_genid": 0.009217262268066406,
            "8_unzip": 0.007727146148681641,
            "9_copy": 0.007137775421142578,
            "10_filter": 0.024874210357666016
        },
        "create_base_extracted_entities": {
            "overall": 554.713671207428,
            "0_entity_extract": 554.5803661346436,
            "1_merge_graphs": 0.12809395790100098
        },
        "create_summarized_entities": {
            "overall": 62.23963212966919,
            "0_summarize_descriptions": 62.231669425964355
        },
        "create_base_entity_graph": {
            "overall": 0.34211063385009766,
            "0_cluster_graph": 0.3261680603027344,
            "1_select": 0.007664203643798828
        },
        "create_final_entities": {
            "overall": 26.376710414886475,
            "0_unpack_graph": 0.09931826591491699,
            "1_rename": 0.009144067764282227,
            "2_select": 0.008552789688110352,
            "3_dedupe": 0.02988147735595703,
            "4_rename": 0.011126279830932617,
            "5_filter": 0.025243043899536133,
            "6_text_split": 0.01824474334716797,
            "7_drop": 0.009375572204589844,
            "8_merge": 0.08572626113891602,
            "9_text_embed": 26.03196907043457,
            "10_drop": 0.012260198593139648,
            "11_filter": 0.027397632598876953
        },
        "create_final_nodes": {
            "overall": 1.193803310394287,
            "0_layout_graph": 0.7088310718536377,
            "1_unpack_graph": 0.13016533851623535,
            "2_unpack_graph": 0.1335301399230957,
            "3_drop": 0.011887550354003906,
            "4_filter": 0.040296316146850586,
            "5_select": 0.013832569122314453,
            "6_rename": 0.014177799224853516,
            "7_convert": 0.06029915809631348,
            "8_join": 0.052797555923461914,
            "9_rename": 0.016881704330444336
        },
        "create_final_communities": {
            "overall": 0.7650010585784912,
            "0_unpack_graph": 0.13289427757263184,
            "1_unpack_graph": 0.12884116172790527,
            "2_aggregate_override": 0.019304990768432617,
            "3_join": 0.02659440040588379,
            "4_join": 0.0252988338470459,
            "5_concat": 0.017844200134277344,
            "6_filter": 0.2044680118560791,
            "7_aggregate_override": 0.0310666561126709,
            "8_join": 0.020567655563354492,
            "9_filter": 0.03815889358520508,
            "10_fill": 0.016562461853027344,
            "11_merge": 0.03252124786376953,
            "12_copy": 0.0228271484375,
            "13_select": 0.02951645851135254
        },
        "join_text_units_to_entity_ids": {
            "overall": 0.08657455444335938,
            "0_select": 0.01870894432067871,
            "1_unroll": 0.021605968475341797,
            "2_aggregate_override": 0.028545618057250977
        },
        "create_final_relationships": {
            "overall": 0.4319937229156494,
            "0_unpack_graph": 0.13826751708984375,
            "1_filter": 0.05359148979187012,
            "2_rename": 0.020043611526489258,
            "3_filter": 0.060018062591552734,
            "4_drop": 0.02133488655090332,
            "5_compute_edge_combined_degree": 0.03423738479614258,
            "6_convert": 0.0634622573852539,
            "7_convert": 0.022185087203979492
        },
        "join_text_units_to_relationship_ids": {
            "overall": 0.12224292755126953,
            "0_select": 0.023235797882080078,
            "1_unroll": 0.02409815788269043,
            "2_aggregate_override": 0.03264141082763672,
            "3_select": 0.02173471450805664
        }
    }
}