{
    "total_runtime": 247.60911965370178,
    "num_documents": 1,
    "input_load_time": 0,
    "workflows": {
        "create_base_text_units": {
            "overall": 0.3300819396972656,
            "0_orderby": 0.0047533512115478516,
            "1_zip": 0.004531383514404297,
            "2_aggregate_override": 0.008919715881347656,
            "3_chunk": 0.2408277988433838,
            "4_select": 0.0060577392578125,
            "5_unroll": 0.008930683135986328,
            "6_rename": 0.005866527557373047,
            "7_genid": 0.013592720031738281,
            "8_unzip": 0.008481264114379883,
            "9_copy": 0.006937742233276367,
            "10_filter": 0.018535852432250977
        },
        "create_base_extracted_entities": {
            "overall": 1.259692907333374,
            "0_entity_extract": 1.1367144584655762,
            "1_merge_graphs": 0.1164560317993164
        },
        "create_summarized_entities": {
            "overall": 0.782520055770874,
            "0_summarize_descriptions": 0.7762763500213623
        },
        "create_base_entity_graph": {
            "overall": 0.31189656257629395,
            "0_cluster_graph": 0.29768800735473633,
            "1_select": 0.007796525955200195
        },
        "create_final_entities": {
            "overall": 1.382005214691162,
            "0_unpack_graph": 0.09397006034851074,
            "1_rename": 0.008295774459838867,
            "2_select": 0.008084535598754883,
            "3_dedupe": 0.011376142501831055,
            "4_rename": 0.00899195671081543,
            "5_filter": 0.02478170394897461,
            "6_text_split": 0.01609945297241211,
            "7_drop": 0.01605057716369629,
            "8_merge": 0.08968782424926758,
            "9_text_embed": 1.0500380992889404,
            "10_drop": 0.012746810913085938,
            "11_filter": 0.03455543518066406
        },
        "create_final_nodes": {
            "overall": 1.0943403244018555,
            "0_layout_graph": 0.6475794315338135,
            "1_unpack_graph": 0.13014507293701172,
            "2_unpack_graph": 0.12440323829650879,
            "3_filter": 0.04603719711303711,
            "4_drop": 0.016880035400390625,
            "5_select": 0.015246868133544922,
            "6_rename": 0.013829469680786133,
            "7_join": 0.0241854190826416,
            "8_convert": 0.04783940315246582,
            "9_rename": 0.0163419246673584
        },
        "create_final_communities": {
            "overall": 0.8146529197692871,
            "0_unpack_graph": 0.12866640090942383,
            "1_unpack_graph": 0.13222050666809082,
            "2_aggregate_override": 0.03899884223937988,
            "3_join": 0.0264739990234375,
            "4_join": 0.0247802734375,
            "5_concat": 0.017697811126708984,
            "6_filter": 0.24116230010986328,
            "7_aggregate_override": 0.03273177146911621,
            "8_join": 0.024579763412475586,
            "9_filter": 0.04045915603637695,
            "10_fill": 0.018443584442138672,
            "11_merge": 0.03495478630065918,
            "12_copy": 0.019892215728759766,
            "13_select": 0.019231319427490234
        },
        "join_text_units_to_entity_ids": {
            "overall": 0.09874534606933594,
            "0_select": 0.025159120559692383,
            "1_unroll": 0.023226261138916016,
            "2_aggregate_override": 0.0324249267578125
        },
        "create_final_relationships": {
            "overall": 0.4224250316619873,
            "0_unpack_graph": 0.13439178466796875,
            "1_filter": 0.058716773986816406,
            "2_rename": 0.022689342498779297,
            "3_filter": 0.06574845314025879,
            "4_drop": 0.021132946014404297,
            "5_compute_edge_combined_degree": 0.027799606323242188,
            "6_convert": 0.04624509811401367,
            "7_convert": 0.026120901107788086
        },
        "join_text_units_to_relationship_ids": {
            "overall": 0.12668704986572266,
            "0_select": 0.022009849548339844,
            "1_unroll": 0.025292634963989258,
            "2_aggregate_override": 0.03368711471557617,
            "3_select": 0.02257823944091797
        },
        "create_final_community_reports": {
            "overall": 236.54414129257202,
            "0_prepare_community_reports_nodes": 0.05167984962463379,
            "1_prepare_community_reports_edges": 0.0398097038269043,
            "2_restore_community_hierarchy": 0.03675365447998047,
            "3_prepare_community_reports": 0.5286576747894287,
            "4_create_community_reports": 235.82644248008728,
            "5_window": 0.0334932804107666
        },
        "create_final_text_units": {
            "overall": 0.23424530029296875,
            "0_select": 0.027664899826049805,
            "1_rename": 0.034276485443115234,
            "2_join": 0.035346269607543945,
            "3_join": 0.03442835807800293,
            "4_aggregate_override": 0.04912066459655762,
            "5_select": 0.028572797775268555
        },
        "create_base_documents": {
            "overall": 0.31850290298461914,
            "0_unroll": 0.032376766204833984,
            "1_select": 0.030147790908813477,
            "2_rename": 0.030428409576416016,
            "3_join": 0.0345759391784668,
            "4_aggregate_override": 0.03213024139404297,
            "5_join": 0.03536367416381836,
            "6_rename": 0.030430078506469727,
            "7_convert": 0.06426739692687988
        },
        "create_final_documents": {
            "overall": 0.06311631202697754,
            "0_rename": 0.034964561462402344
        }
    }
}